Month,Alabama,Alaska,Arizona,Arkansas,California,Colorado,Connecticut,Delaware,District of Columbia,Florida,Georgia,Hawaii,Idaho,Illinois,Indiana,Iowa,Kansas,Kentucky,Louisiana,Maine,Maryland,Massachusetts,Michigan,Minnesota,Mississippi,Missouri,Montana,Nebraska,Nevada,New Hampshire,New Jersey,New Mexico,New York,North Carolina,North Dakota,Ohio,Oklahoma,Oregon,Pennsylvania,Rhode Island,South Carolina,South Dakota,Tennessee,Texas,Utah,Vermont,Utah,Washington,West Virginia,Wisconsin,Wyoming
10-2014,3749,695,3445,1944,18832,2652,1888,1273,867,0,5274,189,789,228,2299,1395,1120,1775,3429,636,4249,3050,4409,2223,815,4107,514,1190,2019,665,2918,1061,7615,6944,479,4634,1841,1606,6646,414,4678,535,5994,17283,1524,209,1524,3515,795,2278,354
11-2014,3475,645,3053,1616,16276,2330,1751,1077,761,0,4813,590,733,231,1854,1295,1061,1905,2852,615,2664,2756,3992,1909,756,3456,497,950,1881,572,2666,934,6787,5666,455,4028,1703,1342,6017,398,3700,521,5203,15090,1294,167,1294,3292,689,2050,399
12-2014,3341,595,3074,1610,16895,2322,1682,1130,634,136494,4955,513,862,230,1967,1249,2116,1667,2790,696,3454,3122,3938,1978,803,3374,478,937,1861,601,2674,971,6359,6092,517,4026,1846,1506,5892,423,3746,531,5278,15571,1292,124,1292,3409,741,2037,367
01-2015,3560,726,3309,1952,17755,2655,1673,1150,977,34,4928,651,896,205,2380,1246,1516,1944,3218,641,3537,2712,4214,2123,810,3739,497,997,1748,576,2650,1081,6832,6374,421,4239,1699,1516,5874,416,4138,550,5701,15857,1411,155,1411,3548,731,2223,334
02-2015,3049,577,3190,1674,17386,2213,1495,1019,843,40,4306,654,815,169,1828,1213,1344,1702,2857,607,3270,2267,3702,1876,763,3229,461,845,1706,517,2408,1100,5903,5286,429,3788,1349,1315,5525,377,3278,502,4919,15292,1247,179,1247,3239,613,1897,295
03-2015,4141,706,3620,1918,19740,2788,1821,1109,1002,25,5346,744,909,207,2230,1313,2247,1778,3393,674,3707,2848,4159,2133,899,3831,484,1024,1873,568,2794,1078,6988,6459,429,4602,1773,1606,6093,476,4200,584,5958,16963,1537,197,1537,3579,770,2261,309
04-2015,4250,721,3497,1883,18643,2628,1735,1187,954,30,5123,797,851,182,2415,1452,1484,1915,3373,624,3877,2723,4274,2014,937,3929,467,1012,1996,618,2767,1100,7054,6351,430,4527,1854,1063,6622,451,4172,601,6285,17695,1420,146,1420,3395,849,2249,318
05-2015,4577,745,3604,1892,18492,2713,2089,1390,1020,30,5717,725,953,217,2611,1515,1533,2106,3366,717,4329,3283,4817,2250,948,4122,533,965,2057,682,3183,1137,8014,6294,479,5166,1881,1120,6983,514,4705,670,6726,17658,1442,224,1442,3910,896,2305,365
06-2015,4065,741,3636,1825,19437,2775,1964,1238,1028,17424,5054,669,1039,261,2450,1345,2410,1842,3165,746,2847,3110,4819,2221,889,4018,542,999,1891,700,3109,1080,7602,6037,377,4800,1958,1101,7425,472,4303,684,6176,17298,1479,160,1479,3918,933,2328,348
07-2015,4341,753,3611,1890,19796,2901,1986,1282,1175,22,5133,686,987,229,2511,1401,1595,2036,3277,808,2905,3312,4958,2278,955,4102,574,1084,2088,686,3211,1028,8443,6904,424,4996,1739,1184,7229,501,4233,701,6509,17856,1631,235,1631,4054,981,2410,394
08-2015,4440,803,3658,1852,19577,2958,2116,1352,887,3,4958,767,1024,211,2489,1394,1520,2206,3341,797,2783,3115,4872,2149,836,4181,586,1053,2099,673,3158,1113,8123,6634,425,4928,1787,1144,7028,582,4313,710,6558,18653,1485,253,1485,3971,905,2381,385
09-2015,4161,708,3617,1810,19848,2859,1823,1284,218,16,5173,781,1113,239,2509,1510,2331,1926,3395,709,2962,2858,4575,2173,949,4110,494,1238,1948,663,2927,1087,7649,6693,403,4698,1781,1032,6672,495,4292,644,6435,18383,1452,202,1452,3549,861,2335,380
10-2015,4122,776,3211,1737,18960,2777,1839,1352,280,17,4737,655,1042,198,2437,1529,1369,1940,3476,588,4130,2623,4214,2122,855,4279,536,1045,1915,648,2771,1016,7366,6183,467,4582,1687,983,7203,426,4236,535,5842,18352,1429,160,1429,3638,829,2272,318
11-2015,3613,634,2923,1512,17149,2520,1704,1110,287,18,4300,852,837,203,2018,1330,1367,1831,3129,631,3851,2572,3937,1926,717,3942,514,960,1621,630,2718,957,7128,5708,389,3951,1608,863,6274,485,3803,450,5634,18047,1228,234,1228,3167,726,2197,298
12-2015,3612,705,3038,1498,18713,2478,1832,1189,295,135887,4775,737,854,234,2213,1267,1969,1980,3173,636,3486,2563,3965,1874,785,3768,582,1227,1719,635,2588,986,7011,5911,400,3750,1514,984,6246,443,3823,427,5884,17168,1315,224,1315,3455,816,2101,351
01-2016,4083,758,3174,1841,18384,2661,1846,1085,639,0,4545,733,798,195,2553,1336,1374,1951,3343,599,3499,2794,4226,2159,820,4052,626,964,1731,608,2840,1000,7094,6327,446,4081,1695,1612,6014,416,3780,582,5914,17591,1354,208,1354,3649,789,2215,330
02-2016,3915,648,3090,1715,18461,2558,1689,1113,918,0,4600,684,852,224,2156,1236,1305,1942,3108,568,3298,2589,4183,1860,821,3697,527,1062,1739,515,2681,940,6463,6101,385,3824,1466,1496,5829,400,3527,578,5566,16757,1276,195,1276,3247,732,2228,292
03-2016,4455,699,3186,1856,18785,2726,1987,1172,1834,0,5286,703,802,288,2592,1363,2068,2183,3321,644,3890,2899,4782,2210,892,4323,561,1105,2292,610,2968,1026,7587,7098,398,4480,1760,1608,6278,498,3932,638,6318,18253,1343,194,1343,3573,921,2351,347
04-2016,4407,665,3245,1930,18642,2706,1865,1189,1023,0,4866,730,989,204,2336,1415,1466,2019,3576,573,4083,3013,4999,2013,955,4228,503,1175,2014,618,2784,999,6972,6473,452,4410,1818,1613,6352,440,4057,598,6457,18047,1363,197,1363,3505,869,2237,310
05-2016,4699,732,3506,1996,19320,2887,2170,1290,1167,0,5358,786,1017,257,2622,1558,1463,2017,3653,718,4560,3131,5430,2301,967,4400,618,1215,2172,644,3137,1061,7536,7267,460,4857,1859,1748,6782,548,4393,706,6646,19665,1481,226,1481,3829,906,2528,330
06-2016,4338,794,3302,1955,19307,2918,1920,1255,1265,17310,5037,665,1001,311,2539,1459,2155,1991,3127,697,3951,3228,5421,2162,902,4279,553,1287,1995,585,3028,1029,7582,6886,465,4954,1690,1719,6587,552,4264,634,6451,18227,1381,164,1381,3721,900,2399,302
07-2016,4524,760,3479,2033,18424,2948,2085,1230,1101,0,4904,727,991,254,2530,1487,1510,1918,3265,805,3621,3362,5459,2190,959,4119,644,1327,2008,662,3078,1030,7840,6706,479,4760,1749,1736,6376,521,4215,725,6035,17753,1474,259,1474,3849,888,2427,309
08-2016,4407,720,3351,1876,19461,2987,1976,1272,1086,0,5112,689,1010,312,2790,1441,1727,2073,3071,780,3797,3192,5661,2078,970,3999,557,1669,2084,674,2987,1117,7647,6499,498,4963,1799,1782,6332,513,4259,719,6520,18276,1299,250,1299,3720,925,2378,314
09-2016,4230,688,3408,1930,18880,2925,1919,1152,1133,0,4866,727,908,209,2404,1537,2170,1738,3069,628,4525,2861,5177,1990,919,4128,516,1412,2031,660,2877,1011,7063,6217,478,4535,1773,1636,6316,450,4200,700,6441,18075,1476,198,1476,3606,823,2397,324
10-2016,4240,665,3353,1840,18045,2947,1930,1208,1165,0,4944,695,833,288,2293,1447,1441,1857,3109,583,4196,2848,5071,2032,851,3909,529,1409,2000,590,2892,1044,7049,6326,513,4444,1807,1615,6034,481,3949,675,6238,18208,1302,198,1302,3454,723,2360,321
11-2016,3606,702,3182,1659,17309,2572,1716,1061,976,0,4500,429,876,180,2305,1166,1317,1797,2799,559,3789,2732,4765,1835,867,3555,540,1240,1749,569,2769,906,6376,6050,385,4082,1624,1555,5854,428,3768,584,5986,16321,1321,168,1321,3283,680,2150,255
12-2016,3601,732,3384,1659,17108,2639,1811,1037,1067,132993,4408,412,835,329,2062,1220,1975,1870,2842,618,3955,2599,4417,1903,746,3571,607,1235,1863,567,2756,928,6380,4989,397,3801,1560,1510,5144,410,3773,634,5728,16663,1342,189,1342,3467,727,2162,257
01-2017,3952,738,3731,1751,17934,2892,1850,1009,680,25,4328,487,915,285,2611,1336,1503,1985,2971,608,3828,2834,4667,2016,848,3693,543,1236,2065,627,2611,1093,6850,6941,484,4382,1560,1566,5789,479,4119,622,6285,18639,1273,216,1273,3398,822,2469,285
02-2017,3667,640,3220,1609,15910,2574,1592,989,845,20,3972,391,874,272,2146,1236,1338,2129,2857,592,3750,2417,4191,1813,791,3488,544,1110,1786,591,2257,1047,5945,5621,354,4025,1496,1474,5444,386,3826,590,5911,16640,1242,201,1242,3033,735,2130,305
03-2017,4454,712,3875,1725,18804,2913,1880,1100,1017,16,4473,500,901,276,2398,1412,2307,1994,3354,575,4026,2645,4754,2042,837,3868,625,1182,2030,612,2490,1134,6664,6793,437,4322,1730,1638,5845,464,4289,638,6309,18552,1325,198,1325,3765,720,2376,375
04-2017,4531,763,4034,1830,18564,2950,1888,1140,1146,26,4526,515,891,237,2322,1346,1453,2062,3064,585,3928,2861,4886,2038,843,3765,566,1158,2109,636,2662,1225,6642,6186,433,4769,1759,1593,6152,511,4135,681,6585,18356,1226,228,1226,3563,789,2433,251
05-2017,4596,755,3954,1965,20112,3166,2116,1272,1473,18,4831,505,930,292,2631,1427,1721,2203,3139,660,4251,3005,5391,2108,929,4106,612,1408,2271,760,2827,1280,7368,7062,483,4915,1689,1833,6309,511,4706,687,7223,19604,1232,248,1232,3961,803,2560,311
06-2017,4069,734,3839,1919,19266,3092,2081,1142,1104,21,4418,453,1008,304,2618,1388,2569,2098,2994,721,3852,3029,5484,2144,855,3884,683,1283,2237,702,2895,1242,7399,6288,384,17789,1510,1789,6460,525,4251,653,6509,18239,1452,237,1452,3709,749,2478,264
07-2017,4551,782,3706,1977,18771,3328,2210,1250,1131,23,4444,485,1075,342,2695,1524,1618,2018,2923,885,3730,3200,5568,2137,866,3820,719,1582,2367,697,2900,1283,7453,6462,430,5049,1745,1874,6186,541,4372,717,6841,18132,1477,306,1477,3814,758,2826,316
08-2017,4441,769,3870,1888,20329,3240,2178,1236,1163,24,4770,447,1058,279,2669,1373,1608,2142,3207,742,3760,3156,5645,2081,834,3784,693,1570,2452,734,2803,1217,7247,6435,482,4667,1720,1773,6188,556,4172,695,6755,17689,1450,246,1450,3891,787,2517,302
09-2017,4141,745,3803,1867,19279,3109,1924,1097,1113,19,4512,471,1021,295,2502,1368,2483,2012,3230,640,4045,2952,5174,2173,803,3918,627,1129,2233,645,2756,1178,7044,6217,398,4569,1723,1689,6033,520,4183,694,6263,18212,1304,268,1304,3504,771,2508,279
10-2017,3903,672,3700,1876,19502,2934,2003,1219,1085,22,4517,434,902,271,2432,1480,1539,2071,3236,675,4097,2949,5521,2130,777,3713,642,1364,2321,649,2740,1197,7051,6374,476,4701,1717,1637,6240,498,4167,645,6443,18663,1383,224,1383,3635,760,2510,307
11-2017,3595,713,3497,1742,17357,2795,1845,1013,1045,21,4251,493,947,256,2314,1333,1317,1906,2965,577,3727,2757,5017,1973,672,3402,602,1135,2081,688,2465,939,6252,5563,350,4318,1574,1507,5523,473,3936,602,5814,17115,1280,191,1280,3448,615,2499,295
12-2017,3281,763,3369,1540,17618,2995,1782,948,1148,150776,4131,456,867,258,2051,1242,2140,1777,2803,655,4220,2719,4973,1902,634,3239,596,1110,2226,597,2391,960,5973,5170,380,4001,1486,1549,5419,460,3639,611,5716,16254,1191,193,1191,3450,618,2405,253
01-2018,3694,798,3478,1847,18420,3029,1917,1119,971,0,4927,364,929,298,2470,1313,1122,2009,2808,644,3887,2690,5200,2257,693,3473,560,1213,2206,664,2436,1283,6475,6587,427,4264,1544,1664,5858,425,3817,635,5871,17023,1326,216,1326,3644,542,2426,318
02-2018,3734,685,3281,1759,16568,2763,1733,950,902,23,4871,411,733,229,2237,1175,739,1764,3079,627,3567,2383,4582,1980,626,3201,559,1120,2143,615,2205,1206,5912,6032,360,4084,1445,1611,5203,468,3716,510,5601,16017,1132,215,1132,3141,540,2202,267
03-2018,3952,769,3693,2014,18232,3099,1953,1094,1128,56,4158,495,954,280,2414,1411,1318,2103,3366,644,3911,2881,5390,2179,679,3643,591,1343,2282,679,2510,1399,6587,6241,419,4491,1601,1829,5790,502,4273,592,6371,16816,1292,216,1292,3762,655,2495,304
04-2018,3531,690,3773,2056,18894,3007,1947,1106,1140,0,4402,498,885,263,2343,1390,438,1900,3188,661,3962,2612,5335,2163,682,3649,556,1312,2360,603,2415,1420,6476,6369,388,4569,1573,1780,5728,482,4402,602,6299,17176,1255,173,1255,3483,602,2290,221
05-2018,4423,798,4163,2158,19960,3309,2108,1205,1148,0,4874,584,1026,293,2839,1290,486,2128,3424,657,4135,3092,6081,2404,804,4035,674,1400,2667,718,2909,1546,7289,7001,526,5193,1771,2036,6429,557,4740,760,6956,17899,1411,177,1411,4081,677,2513,270
06-2018,3794,813,3760,2026,18528,3170,1834,1101,1111,17,4395,486,997,326,2555,1129,1359,1976,3005,678,3956,2931,5912,2020,622,3646,583,1314,2352,766,2857,1399,6961,5498,502,4597,1730,1776,5726,521,4238,689,6262,14968,1350,264,1350,3864,519,2326,269
07-2018,4392,855,4093,2071,19990,3327,1984,1199,1083,11,4739,483,960,317,2715,1164,513,2036,3262,809,3886,3189,6179,2015,627,3782,709,1447,2423,774,2827,1360,7546,6248,520,5137,1810,1911,6096,573,4346,561,6405,15317,1408,266,1408,3970,425,2492,296
08-2018,4126,829,3984,2025,20343,3508,2012,1251,1078,18,4696,428,958,321,2601,1005,620,2228,3137,730,3516,2955,6054,1940,654,3951,614,1455,2515,739,2678,1416,7311,5382,444,5069,1818,1853,5981,540,4450,718,6600,15962,1441,295,1441,3782,564,2383,282
09-2018,3955,886,3951,1957,18727,3357,1859,1157,1085,24,4781,466,1038,319,2410,1058,1487,2046,3097,701,3857,3001,5754,1960,601,3774,597,1327,2548,664,2708,1306,6888,5536,435,4888,1609,1723,5845,488,4326,715,6239,15109,1309,266,1309,3765,585,2389,292
10-2018,3765,810,3685,2122,19948,3095,1830,1150,1078,0,5026,429,963,318,2386,1015,614,2020,2983,624,4439,2841,5688,1888,670,3658,577,1546,2371,633,2559,1169,6531,5482,475,4779,1629,1684,6174,455,4544,527,5998,15504,1301,242,1301,3699,464,2360,259
11-2018,3037,828,3408,1843,17439,2963,1696,961,1004,0,4416,406,957,311,2044,857,630,1937,2719,601,3774,2575,5331,1854,619,3198,550,1315,2047,608,2431,1199,5912,4745,429,4229,1365,1664,5439,419,3839,556,5407,13479,1176,235,1176,3393,470,2198,222
12-2018,3124,858,3368,1660,17891,3093,1558,1118,1067,151994,4295,401,1100,291,2156,901,1584,1909,2885,595,3717,2626,5348,1785,542,3413,576,1112,2296,598,2599,1161,5822,4216,401,4350,1583,1749,5639,435,3883,549,5776,14019,1298,231,1298,3670,516,2220,254
01-2019,2899,816,3481,1995,18054,3107,1718,1070,999,19,4351,478,1087,261,2329,1229,1199,2028,3061,616,3912,2573,5908,2018,701,3489,578,1247,2309,595,2576,1318,6057,4187,414,4346,1720,1774,5809,429,4091,572,5939,14950,1295,262,1295,3749,489,2190,282
02-2019,2675,718,3149,1658,16710,2801,1510,924,898,17,4033,393,980,263,2064,1115,1321,1774,2975,614,3637,2341,5343,1778,625,3135,561,1019,2018,530,2253,1061,5541,4494,407,3997,1370,1566,4996,418,3821,469,5320,13828,1195,247,1195,3120,463,2004,259
03-2019,3039,863,3671,1903,18037,3010,1667,1030,1108,20,4990,394,1146,266,2257,1364,2352,1859,3244,648,4139,2619,5509,2046,639,3514,571,1235,2438,632,2603,1294,6250,4883,462,4747,1578,1729,5477,497,4030,553,5638,14667,1342,267,1342,3705,534,2210,285
04-2019,3059,808,3879,2138,18829,3213,1691,1150,1055,15,4633,445,869,326,2177,1481,1536,2014,3178,646,4170,2536,5817,2141,691,3591,623,1286,2524,649,2531,1243,6342,5125,453,4776,1514,1809,6033,476,4145,575,6326,15775,1331,255,1331,3610,586,2333,243
05-2019,3150,868,4006,2214,19630,3083,1924,1218,1119,17,4662,479,1088,317,2616,1574,1653,2198,3339,750,4153,2907,6523,2308,677,3938,629,1304,2740,680,2762,1383,6955,5856,501,4898,1698,1963,6207,499,4507,644,6809,16471,1474,270,1474,3849,670,2517,250
06-2019,2607,849,3673,1902,19153,3092,1785,1187,1067,22,3655,425,905,308,1849,1584,2120,2094,2868,726,3787,2916,6185,2312,599,3700,688,1336,2632,741,2914,1335,6866,5398,493,4779,1571,1943,6038,512,4195,606,6258,14870,1363,255,1363,3698,559,2374,281
07-2019,2050,949,4033,2000,19899,3233,1847,1192,1110,15,3534,458,880,340,2391,1498,1687,2251,2781,797,3631,3146,6513,2373,639,3911,664,1290,2390,763,2989,1452,7373,5204,423,5129,1616,1975,2298,538,4334,601,6281,15223,1449,333,1449,3948,646,2570,251
08-2019,996,966,3964,2263,19810,3419,1893,1219,1063,19,3958,502,885,300,2570,1509,1619,2153,2873,785,3593,2992,6150,2221,739,3740,666,1419,2677,661,2840,1366,6860,5360,500,5027,1703,2012,6057,523,4055,767,6648,15993,1478,279,1478,3882,635,2422,260
09-2019,56,846,3929,2131,18587,3246,1743,1233,1079,18,3105,425,876,310,2337,1497,2056,2195,2970,676,3980,2834,5944,2300,661,3811,666,1371,2585,657,2830,1285,6577,5663,410,5217,1586,1841,6048,521,4485,636,6388,15241,1356,250,1356,3707,536,2544,294
10-2019,60,772,3661,2079,18922,3016,1814,1235,1056,29,2071,467,827,328,2207,1553,1632,2056,2801,659,3915,2643,5890,2226,599,3488,700,1228,2472,698,2768,1325,6483,5546,496,4656,1495,1846,6002,533,4174,681,6146,15948,1467,243,1467,3621,400,2492,305
11-2019,54,741,3537,1802,16200,2968,1709,1017,1159,25,2096,424,806,271,2202,1390,1504,1909,2532,621,3677,2469,5772,2054,598,3281,631,1231,2227,602,2523,1132,5765,5062,473,4293,1344,1720,5316,424,3750,637,5433,13063,1431,252,1431,3183,420,2379,278
12-2019,45,804,3361,1822,16728,2822,1703,1033,1357,150642,1983,455,888,247,2321,1394,1933,1939,2449,637,3404,2627,5748,2114,506,3373,650,1219,2171,600,2483,1100,5581,5049,411,4423,1439,1813,4858,453,3927,654,5768,13093,1388,239,1388,3406,549,2412,258
01-2020,3268,774,3616,2005,17800,3065,1742,1129,1138,23,2539,455,1001,299,2625,1469,1729,2091,2760,757,3785,2844,6109,2164,640,3368,642,1193,2548,583,2754,1172,6156,5640,483,4638,1523,1828,4524,479,4169,759,6202,14166,1469,245,1469,3492,608,2522,323
02-2020,2830,665,3465,1883,17306,2948,1615,969,1057,18,2543,407,916,271,2331,1316,1617,1911,2695,574,3441,2392,5514,1934,607,3010,533,1254,2274,542,2646,1137,5614,4954,418,4121,1426,1705,4135,436,3661,647,5220,13811,1367,211,1367,3291,564,2315,307
03-2020,2666,718,3795,2056,18511,3043,1707,1018,984,96,2485,390,1053,240,2356,1422,1750,1977,2761,680,3544,2419,5490,2055,676,3400,615,1317,2631,633,2634,1319,5622,5392,492,4495,1525,1751,3848,401,4073,737,5567,14861,1522,207,1522,3442,526,2309,305
04-2020,2506,815,3836,1917,18147,2828,1192,875,817,7,2085,342,817,259,2088,1199,1575,1835,2252,608,2678,2030,4784,1858,542,2829,648,1134,2282,524,2151,1291,4348,4991,476,4052,1496,1661,3102,285,3670,708,5011,13828,1403,210,1403,3443,451,2017,263
05-2020,2551,844,3879,2299,17979,3296,1642,958,904,7,2786,457,812,284,2491,1348,1870,2173,2812,721,3026,2535,5621,1986,681,3558,782,1312,2296,603,2569,1403,5872,5765,509,4670,1746,1854,3872,431,4331,727,5731,15703,1468,210,1468,3650,670,2464,347
06-2020,1377,790,3434,2121,17074,3071,1692,1139,807,354,2651,442,839,259,2497,1437,1892,2143,3023,731,3178,2518,5796,2119,635,3400,719,1316,2490,641,2500,1425,5561,5438,518,4761,1612,1775,4021,417,4435,734,5799,14177,1309,257,1309,3247,629,2438,359
07-2020,2273,831,3969,2077,18424,3210,1747,1127,846,31,2762,459,1009,270,2616,1606,1972,2261,2677,803,3527,2679,6151,2239,639,3724,765,1341,2700,640,2883,1459,6032,6080,579,4944,1708,1932,4337,500,4440,806,6036,15126,1492,265,1492,3689,653,2752,400
08-2020,1189,796,3783,2194,18500,3456,1747,1095,797,35,2689,470,1048,226,2626,1669,1938,2156,2912,766,3186,2843,6601,2145,697,3504,811,1376,2891,672,2822,1415,6427,5826,557,4919,1696,1864,4321,456,4281,754,5881,15245,1568,238,1568,3533,631,2629,401
09-2020,164,691,3766,1948,18092,2934,1766,1047,927,26,2780,397,923,182,2278,1400,1791,1936,2634,683,2278,2493,6021,1987,665,3033,659,1255,2706,636,2647,1247,5829,5398,470,4422,1599,1690,3949,435,3976,696,5518,13687,1461,259,1461,3312,577,2454,370
10-2020,162,765,3812,2028,17613,2954,1711,1020,860,0,2849,425,847,246,2217,1393,1847,2002,2725,647,2298,2368,5877,1991,605,3048,623,1063,2512,578,2428,1249,5982,5596,493,4300,1534,1633,3969,425,4032,629,5534,14558,1326,229,1326,3274,530,2360,369
11-2020,112,661,3325,1880,14723,2650,1526,855,749,0,2844,474,737,284,2090,1168,1636,1809,2617,554,2093,2226,5258,1732,519,2775,658,1005,2274,566,2259,1166,5529,5213,387,3857,1363,1438,3515,368,3690,589,4944,13647,1311,194,1311,2815,471,2260,337
12-2020,172,721,3316,1572,16337,2783,1503,874,1727,141793,2923,497,799,322,2137,1238,1673,1840,2455,562,2377,2259,5144,1730,484,2680,669,1141,2051,528,2078,1060,5661,4926,426,3946,1389,1596,3342,305,3612,590,4850,13120,1399,191,1399,2910,472,2147,323
01-2021,981,311,1796,1831,1300,2990,1576,947,39,2035,3036,554,853,1286,2138,1145,1756,2015,2135,550,652,2162,5327,1730,576,2841,746,608,2275,507,756,1286,1094,4996,422,3821,1320,1608,2424,376,3751,596,5288,13501,1423,184,1423,3074,481,2476,181
02-2021,1214,284,1624,1595,1802,2683,1471,833,49,1938,3121,478,707,1388,2129,1142,1622,1767,2015,483,641,1945,4968,1747,471,2367,605,599,2126,555,711,1208,1156,4463,454,3565,1361,1490,2341,323,3508,542,4553,12169,1383,205,1383,2771,493,2339,191
03-2021,1499,367,2034,1971,1991,2931,1621,961,73,2356,3424,530,982,1519,2907,1402,1907,1950,2535,599,745,2284,5709,1896,603,2846,766,731,2591,540,1507,1331,1421,5090,467,3981,1532,1719,2605,424,4064,555,5585,14112,1481,205,1481,3117,594,2714,182
04-2021,1387,304,2057,2092,2032,2918,1644,1033,71,2450,3377,613,901,1581,2357,1416,1866,1950,2448,575,743,2222,5428,1908,542,3025,727,733,2622,527,1583,1311,1502,5288,459,4045,1472,1718,2506,413,4108,576,5730,14127,1445,186,1445,3048,534,2505,185
05-2021,1635,373,2335,2199,2327,3060,1785,1092,91,2837,3531,627,957,1781,2624,1602,1907,1918,2709,601,894,2537,5839,2170,616,3156,742,766,2765,613,2079,1420,1568,5727,475,4376,1572,1847,3000,401,4350,729,5994,15505,1592,234,1592,3198,627,2740,245
06-2021,1622,423,2069,2224,2348,3090,1812,1103,81,2417,3255,602,968,1898,2607,1547,1954,1905,2547,669,894,2715,6342,2112,608,3171,817,659,2753,608,1765,1457,1697,5688,409,4212,1593,1904,3270,441,4148,647,5968,14753,1690,246,1690,3330,568,2701,197
07-2021,1618,452,2178,2149,2659,3193,1866,1108,75,2310,3438,613,966,3347,2360,1505,1840,1832,2477,659,1268,2896,6502,2143,593,2951,933,737,2699,528,1881,1484,1603,5622,512,4474,1667,1923,3198,418,4234,718,5701,14802,1679,244,1679,3361,585,2865,213
08-2021,1514,345,2168,2184,2797,3284,1812,1034,602,2756,3773,670,897,3540,2734,1545,2033,1776,2349,772,1193,2718,6542,2143,577,3176,806,706,2744,560,1753,1298,1531,5619,435,4236,1635,1782,3219,393,4289,665,5705,15022,1595,253,1595,3210,573,2663,211
09-2021,1884,331,2301,2173,3250,3107,1793,1116,573,2766,3670,671,904,3577,2617,1576,1938,1779,2459,596,1470,2574,5750,1972,593,3250,725,675,2641,551,1855,1343,1565,5918,530,4218,1555,1749,3071,451,4364,585,5635,14954,1602,255,1602,3091,530,2592,239
10-2021,1877,327,2125,2034,3348,3115,1752,1106,664,2948,3647,657,859,3664,2685,1664,1665,1962,2616,563,1481,2751,6287,2176,656,3024,770,660,2612,558,1907,1287,1577,5998,477,4330,1564,1750,3212,452,4386,688,5723,15252,1660,261,1660,3394,496,2723,248
11-2021,1816,315,2023,1815,3188,2796,1707,989,603,2429,3154,594,797,3359,2377,1523,1594,1756,2231,605,1410,2477,5674,1899,552,2929,683,679,2441,454,1876,1086,1423,5299,406,3845,1371,1656,2844,393,3839,625,5315,14102,1458,218,1458,3146,484,2333,174
12-2021,1975,311,1951,1785,4037,2722,1647,1011,704,2818,3190,584,811,3378,2460,1448,1691,1693,2478,541,1347,2436,5946,2011,549,3010,680,614,2302,551,1830,1234,1397,5508,437,3854,1385,1504,3130,394,3828,611,5568,14066,1396,194,1396,3210,538,2428,206
01-2022,2077,674,3371,1851,15811,2945,1544,934,622,3321,3359,646,803,3484,2523,1118,1482,1160,2168,516,1970,2373,6114,1839,571,2742,622,1041,2353,520,2042,1190,3117,4870,447,3955,1438,1615,2941,382,3574,648,5374,13660,1490,205,1490,3213,579,2369,222
02-2022,2029,688,3246,1668,15019,2663,1679,953,639,3280,3586,493,750,3595,2311,1065,1498,974,2308,489,1983,2253,5521,1783,533,2516,596,941,2299,525,2039,1100,2997,5180,370,3847,1259,1438,3217,380,3369,601,5087,12971,1373,200,1373,3024,456,2246,177
03-2022,2348,699,3652,1963,17871,3014,1809,1088,684,3733,3913,558,903,4135,2567,1282,1698,1693,2547,558,2166,2589,6400,1935,632,3161,768,1048,2632,500,2494,1171,3462,6128,464,4404,1534,1803,4912,459,4338,666,5342,15059,1571,242,1571,3573,583,2560,318
04-2022,2448,740,3592,2068,16361,3146,1677,1042,681,3650,3643,553,844,4154,2463,1183,1675,1812,2552,518,2012,2495,6081,1947,672,2908,724,1160,2511,570,2449,1344,3358,5634,458,4594,1539,1628,5083,388,4231,577,4865,15393,1519,202,1519,3200,602,2546,218
05-2022,2610,704,3656,2211,17730,3398,1818,1185,826,3630,4113,557,896,4743,2808,1474,1805,1842,2709,623,2255,2802,6565,2158,675,3434,784,1194,2731,572,2859,1400,3607,6047,569,5049,1732,1773,5314,496,4595,731,5612,16269,1653,286,1653,3376,620,2963,195
06-2022,2493,711,3373,1996,17689,3148,1910,1098,760,3309,3549,498,816,4462,2718,1343,1843,1831,2374,674,2176,2824,6534,2026,563,2965,691,1037,2577,590,2753,1411,3850,5399,514,4810,1682,1798,5188,423,4099,658,5252,14492,1523,253,1523,3444,582,2719,227
07-2022,2553,759,3540,2097,18264,3398,1803,1127,830,3414,3547,482,841,4492,2725,1379,1878,2034,2357,651,2124,3028,6343,2193,534,2977,878,1140,2648,623,2833,1513,3935,5336,499,4767,1658,1880,5132,478,4063,746,5242,15013,1834,268,1834,3878,566,2809,222
08-2022,2817,675,3698,2028,19590,3269,1777,1136,879,3862,3933,608,878,4817,2778,1478,1910,1886,2581,612,2136,2823,6482,1971,557,3049,721,1336,2677,638,2735,1384,3791,4973,507,4893,1835,1833,4821,446,4554,716,5613,14791,1786,273,1786,3475,587,2672,234
09-2022,2620,767,3505,1976,17856,3376,1619,1133,785,4013,3853,584,953,4640,2694,1435,1921,2017,2670,629,2379,2710,5833,2132,543,3102,734,1204,2563,505,2504,1314,3392,5030,510,4486,1760,1780,4118,404,4316,669,5318,15321,1806,226,1806,3255,539,2554,237
10-2022,2730,744,3359,1940,17589,3230,1647,1183,820,4131,3644,511,888,4320,2500,1379,1945,1920,2627,605,2205,2753,6094,2035,526,2971,772,1154,2646,512,2752,1281,3432,5043,541,4567,1591,1707,4401,473,4507,610,4968,14940,1717,282,1717,3412,561,2664,208
11-2022,2453,683,2934,1738,15923,3089,1622,964,890,3817,3294,471,686,3914,2492,1281,1679,1751,2297,549,2050,2693,5640,1889,440,2738,645,1043,2270,536,2497,1290,3296,4553,408,4188,1325,1455,3922,415,3897,642,4632,13372,1505,216,1505,2984,556,2495,216
12-2022,2447,637,3118,1858,15863,3073,1570,969,859,41083,3319,479,847,4253,2369,1291,1656,1813,2236,540,1802,2541,5532,1904,511,2775,688,941,2485,554,2501,1172,3133,4476,509,4069,1399,1603,4018,386,4068,602,4759,13711,1616,245,1616,2968,524,2564,233
01-2023,2870,679,3186,1935,17046,3239,1658,1161,906,3748,3698,429,993,4223,2722,1453,1730,2098,2604,586,2001,2731,5948,2034,496,3029,684,660,2614,513,2823,1348,10255,4850,467,4423,1491,1625,4589,423,4253,644,5309,14806,1649,219,1649,3388,557,2591,287
02-2023,2293,588,2972,1736,15167,2760,1455,964,812,3575,3432,398,1026,3617,2374,1276,1471,1820,2253,473,1971,2321,5252,1727,475,2818,614,647,2354,465,2488,1134,9202,4619,440,4124,1348,1546,3843,371,3953,562,4782,13655,1471,189,1471,2917,456,2301,232
03-2023,2623,644,3268,2101,16752,3274,1706,1085,907,4349,3765,470,1118,4059,2700,1341,1721,1721,2577,566,2349,2551,5871,1851,547,3010,721,717,2613,461,2649,1318,10224,5286,486,4555,1646,1652,5413,456,4292,680,5231,15164,1619,250,1619,3287,615,2600,298
04-2023,2528,697,3405,2010,16350,3180,1471,1047,850,4277,3517,419,939,4313,2811,1430,1747,1583,2451,559,2169,2757,5701,1921,551,3148,732,721,2712,482,2740,1295,10555,4927,489,4497,1654,1674,5254,483,4087,581,5345,15444,1687,275,1687,3240,574,2598,294
05-2023,2556,780,3827,2030,17996,3404,1702,1244,972,4476,3803,477,947,4887,3050,1573,2008,1775,2672,629,2379,2872,6387,2222,594,3385,790,734,2956,468,2997,1501,10985,5718,570,4909,1817,1838,5706,494,4493,734,5660,15580,1921,257,1921,3604,592,2736,275
06-2023,2523,687,3536,2003,17055,3079,1616,1128,815,3918,3153,399,933,4486,2903,1490,1701,1688,2302,596,2182,2555,6156,2060,535,2985,748,620,2610,443,2990,1408,11046,4817,509,4440,1726,1775,5332,489,4096,641,5081,14421,1702,251,1702,3447,616,2446,254
07-2023,2343,743,3318,1965,18475,3430,1712,1081,685,4114,3424,412,954,4779,3061,1426,1853,1824,2303,633,2063,2895,6191,2119,503,3126,874,712,2566,524,3184,1419,10993,4643,540,4392,1973,1924,5710,534,3990,701,5152,14842,1744,265,1744,3691,625,2736,276
08-2023,2505,717,3761,2226,19168,3395,1715,1091,1045,4234,3615,388,935,4767,2853,1375,1814,1987,2437,637,2317,2736,6372,2030,533,3119,796,967,2690,566,3009,1448,10815,4946,549,4490,1834,1849,5548,532,4509,763,5611,14916,1740,289,1740,3540,531,2670,281
09-2023,2214,688,3571,2043,18324,3244,1532,1133,953,4171,3174,391,915,4535,2768,1496,1749,1906,2574,556,2254,2565,5912,2101,429,2976,792,1044,2513,474,2794,1411,10174,5147,524,4419,1650,1651,5271,456,4407,623,5222,14876,1670,266,1670,3281,527,2651,275
10-2023,2234,639,3432,2016,18641,3138,1598,1119,1007,4489,3460,386,806,4466,2783,1527,1702,1923,2648,635,2590,2703,6217,2193,580,3174,779,1112,2542,473,2838,1298,10712,4891,519,4120,1581,1830,5428,458,4208,638,5305,14969,1602,216,1602,3444,587,2610,253
11-2023,2002,538,3342,1874,15812,2866,1439,980,931,3909,2957,377,888,4118,2663,1328,1546,1806,2367,606,2192,2384,5726,1976,470,3056,710,946,2487,489,2712,1233,10011,4465,487,3624,1509,1502,4578,401,3602,550,4765,13838,1464,195,1464,3108,449,2420,203
12-2023,1941,665,3213,1827,16564,2822,1482,998,1006,25762,2799,217,901,4072,2470,1279,1540,1798,2130,517,2190,2400,5645,1967,428,2721,729,932,2382,463,2722,1293,9637,4444,399,3744,1445,1512,4588,460,3566,641,4858,13782,1565,235,1565,3119,508,2629,269
01-2024,,,,,,,,,,,,,,,,,,,,,,,,,,,,,,,,,,,,,,,,,,,,,,,,,,,
02-2024,,,,,,,,,,,,,,,,,,,,,,,,,,,,,,,,,,,,,,,,,,,,,,,,,,,
03-2024,,,,,,,,,,,,,,,,,,,,,,,,,,,,,,,,,,,,,,,,,,,,,,,,,,,
04-2024,,,,,,,,,,,,,,,,,,,,,,,,,,,,,,,,,,,,,,,,,,,,,,,,,,,
05-2024,,,,,,,,,,,,,,,,,,,,,,,,,,,,,,,,,,,,,,,,,,,,,,,,,,,
06-2024,,,,,,,,,,,,,,,,,,,,,,,,,,,,,,,,,,,,,,,,,,,,,,,,,,,
07-2024,,,,,,,,,,,,,,,,,,,,,,,,,,,,,,,,,,,,,,,,,,,,,,,,,,,
08-2024,,,,,,,,,,,,,,,,,,,,,,,,,,,,,,,,,,,,,,,,,,,,,,,,,,,
09-2024,,,,,,,,,,,,,,,,,,,,,,,,,,,,,,,,,,,,,,,,,,,,,,,,,,,
10-2024,,,,,,,,,,,,,,,,,,,,,,,,,,,,,,,,,,,,,,,,,,,,,,,,,,,
